06/13/2021 02:24:20,Dustyn,dloyda@google.com,add page
06/14/2021 14:50:58,Dustyn,dloyda@google.com,add page
06/14/2021 14:53:57,Dustyn,dlaydo@gmail.com,add page
06/14/2021 17:21:54,Dustyn,dlaydo@gmail.com,add page
06/14/2021 17:26:12,Dustyn,dlaydo@gmail.com,add page
06/14/2021 17:28:24,Dustyn,dlaydo@gmail.com,add page
06/14/2021 17:32:13,Dustyn,dlaydo@gmail.com,add page
06/14/2021 17:33:47,Dustyn,dlaydo@gmail.com,add page
06/14/2021 17:37:06,Dustyn,dlaydo@gmail.com,add page
06/14/2021 17:39:36,Dustyn,dlaydo@gmail.com,add page
06/14/2021 17:40:42,Dustyn,dlaydo@gmail.com,add page
06/14/2021 17:47:12,Dustyn,dlaydo@gmail.com,add page
06/14/2021 21:58:00,Dustyn,yobaca@aol.com,add page
